{
    "camera_matrix": [
        [
            504.5451300512013,
            0.0,
            314.8815235587247
        ],
        [
            0.0,
            538.735143165675,
            224.2800778649978
        ],
        [
            0.0,
            0.0,
            1.0
        ]
    ],
    "dist_coeffs": [
        [
            -0.0856920922825428,
            1.6542810523481357,
            -0.03018975980139479,
            -0.0015719375283641344,
            -4.15182351187853
        ]
    ],
    "rms_error": 0.5218977716156266,
    "image_size": [
        640,
        480
    ],
    "square_length": 0.012,
    "marker_length": 0.009
}