{
  "rvec": [
    -0.643149345635677,
    0.6582540253455043,
    1.508744477647872
  ],
  "tvec": [
    0.042959288667690505,
    -0.028772117876949447,
    0.0786946164010074
  ]
}