{
  "camera_matrix": [
    [
      485.96751765934795,
      0.0,
      293.06741552687316
    ],
    [
      0.0,
      474.6015956216899,
      212.0093147072242
    ],
    [
      0.0,
      0.0,
      1.0
    ]
  ],
  "dist_coeffs": [
    [
      0.07368800316316955,
      0.2326008844573617,
      -0.02830353376652841,
      -0.015968693303336643,
      -0.6126151511494353
    ]
  ],
  "rms": 0.720648717047095,
  "image_size": [
    640,
    480
  ]
}